<ImportExportXml xmlns:xsi="http://www.w3.org/2001/XMLSchema-instance">
  <Entities></Entities>
  <Roles></Roles>
  <Workflows>
    <Workflow WorkflowId="{0ba29409-2ecc-ee11-9079-001dd80a8ecd}" Name="Render PDF">
      <JsonFileName>/Workflows/RenderPDF-0BA29409-2ECC-EE11-9079-001DD80A8ECD.json</JsonFileName>
      <Type>1</Type>
      <Subprocess>0</Subprocess>
      <Category>5</Category>
      <Mode>0</Mode>
      <Scope>4</Scope>
      <OnDemand>0</OnDemand>
      <TriggerOnCreate>0</TriggerOnCreate>
      <TriggerOnDelete>0</TriggerOnDelete>
      <AsyncAutodelete>0</AsyncAutodelete>
      <SyncWorkflowLogOnFailure>0</SyncWorkflowLogOnFailure>
      <StateCode>1</StateCode>
      <StatusCode>2</StatusCode>
      <RunAs>1</RunAs>
      <IsTransacted>1</IsTransacted>
      <IntroducedVersion>1.0.0.0</IntroducedVersion>
      <IsCustomizable>1</IsCustomizable>
      <IsCustomProcessingStepAllowedForOtherPublishers>1</IsCustomProcessingStepAllowedForOtherPublishers>
      <PrimaryEntity>none</PrimaryEntity>
      <LocalizedNames>
        <LocalizedName languagecode="1033" description="Render PDF" />
      </LocalizedNames>
    </Workflow>
  </Workflows>
  <FieldSecurityProfiles></FieldSecurityProfiles>
  <Templates />
  <EntityMaps />
  <EntityRelationships />
  <OrganizationSettings />
  <optionsets />
  <CustomControls />
  <EntityDataProviders />
  <CanvasApps>
    <CanvasApp>
      <Name>cra33_catalogviewer_8486b</Name>
      <AppVersion>2024-03-28T17:05:08Z</AppVersion>
      <Status>Ready</Status>
      <CreatedByClientVersion>3.24023.9.0</CreatedByClientVersion>
      <MinClientVersion>3.24023.9.0</MinClientVersion>
      <Tags>{"primaryDeviceWidth":"1366","primaryDeviceHeight":"768","supportsPortrait":"true","supportsLandscape":"true","primaryFormFactor":"Tablet","showStatusBar":"false","publisherVersion":"3.24023.9","minimumRequiredApiVersion":"2.2.0","hasComponent":"false","hasUnlockedComponent":"false","isUnifiedRootApp":"false","offlineLargeFilesSupport":"false","sienaVersion":"20240328T170508Z-3.24023.9.0","coauthoringEnabled":"false"}</Tags>
      <IsCdsUpgraded>0</IsCdsUpgraded>
      <GalleryItemId xsi:nil="true"></GalleryItemId>
      <BackgroundColor>rgba(128, 128, 128, 1)</BackgroundColor>
      <DisplayName>Catalog Viewer</DisplayName>
      <Description xsi:nil="true"></Description>
      <CommitMessage xsi:nil="true"></CommitMessage>
      <Publisher xsi:nil="true"></Publisher>
      <AuthorizationReferences>[]</AuthorizationReferences>
      <ConnectionReferences>{"e6c9aea3-24d8-4739-84c3-91a4a6534369":{"id":"/providers/microsoft.powerapps/apis/shared_sharepointonline","displayName":"SharePoint","iconUri":"https://connectoricons-prod.azureedge.net/u/alexsp/sporelease/1.0.1682.3673/sharepointonline/icon.png","dataSources":["Documents"],"dependencies":[],"dependents":["cebe6f4a-7942-49e7-b8af-21fa62aa200f"],"parameterHints":{},"parameterHintsV2":{},"isOnPremiseConnection":false,"bypassConsent":false,"dataSets":{"https://uspsgcctenant.sharepoint.com/sites/TheAgency":{"dataSources":{"Documents":{"tableName":"35a8349b-c89e-4d64-956a-ccc10302c6bb"}}}},"apiTier":"Standard","actions":["providers/PowerPlatform.Governance/Operations/Read"]},"cebe6f4a-7942-49e7-b8af-21fa62aa200f":{"id":"/providers/microsoft.powerapps/apis/shared_logicflows","displayName":"Logic flows","iconUri":"https://connectoricons-prod.azureedge.net/releases/v1.0.1680/1.0.1680.3652/logicflows/icon.png","dataSources":["RenderPDF"],"dependencies":["e6c9aea3-24d8-4739-84c3-91a4a6534369"],"dependents":[],"parameterHints":{"workflowName":{"value":"6deb265a-79db-4266-a5af-263655627239"},"workflowEntityId":{"value":"0ba29409-2ecc-ee11-9079-001dd80a8ecd"},"workflowDisplayName":{"value":"Render PDF"},"e6c9aea3-24d8-4739-84c3-91a4a6534369":{"value":"shared_sharepointonline"}},"parameterHintsV2":{"workflowName":{"value":"6deb265a-79db-4266-a5af-263655627239"},"workflowEntityId":{"value":"0ba29409-2ecc-ee11-9079-001dd80a8ecd"},"workflowDisplayName":{"value":"Render PDF"},"shared_sharepointonline":{"value":"e6c9aea3-24d8-4739-84c3-91a4a6534369"}},"isOnPremiseConnection":false,"bypassConsent":false,"dataSets":{},"apiTier":"Standard","actions":["Run"]}}</ConnectionReferences>
      <DatabaseReferences>{}</DatabaseReferences>
      <AppComponents>[]</AppComponents>
      <AppComponentDependencies>[]</AppComponentDependencies>
      <CanConsumeAppPass>1</CanConsumeAppPass>
      <CanvasAppType>0</CanvasAppType>
      <BypassConsent>0</BypassConsent>
      <AdminControlBypassConsent>0</AdminControlBypassConsent>
      <EmbeddedApp xsi:nil="true"></EmbeddedApp>
      <IntroducedVersion>1.0</IntroducedVersion>
      <CdsDependencies>{"cdsdependencies":[{"dependencyid":"0ba29409-2ecc-ee11-9079-001dd80a8ecd","componenttype":29,"componenttypeplatformname":"Workflow"}]}</CdsDependencies>
      <IsCustomizable>1</IsCustomizable>
      <BackgroundImageUri>/CanvasApps/cra33_catalogviewer_8486b_BackgroundImageUri</BackgroundImageUri>
      <DocumentUri>/CanvasApps/cra33_catalogviewer_8486b_DocumentUri.msapp</DocumentUri>
      <AdditionalUris>
        <AdditionalUri>/CanvasApps/cra33_catalogviewer_8486b_AdditionalUris0_identity.json</AdditionalUri>
      </AdditionalUris>
    </CanvasApp>
  </CanvasApps>
  <connectionreferences>
    <connectionreference connectionreferencelogicalname="cra33_sharedsharepointonline_d6d67">
      <connectionreferencedisplayname>SharePoint TestingallappsundertheTestingenvironment-d6d67</connectionreferencedisplayname>
      <connectorid>/providers/Microsoft.PowerApps/apis/shared_sharepointonline</connectorid>
      <iscustomizable>1</iscustomizable>
      <statecode>0</statecode>
      <statuscode>1</statuscode>
    </connectionreference>
  </connectionreferences>
  <Languages>
    <Language>1033</Language>
  </Languages>
</ImportExportXml>