{
  "properties": {
    "connectionReferences": {
      "shared_sharepointonline": {
        "runtimeSource": "invoker",
        "connection": {
          "connectionReferenceLogicalName": "cra33_sharedsharepointonline_d6d67"
        },
        "api": {
          "name": "shared_sharepointonline"
        }
      }
    },
    "definition": {
      "$schema": "https://schema.management.azure.com/providers/Microsoft.Logic/schemas/2016-06-01/workflowdefinition.json#",
      "contentVersion": "1.0.0.0",
      "parameters": {
        "$connections": {
          "defaultValue": {},
          "type": "Object"
        },
        "$authentication": {
          "defaultValue": {},
          "type": "SecureObject"
        }
      },
      "triggers": {
        "manual": {
          "metadata": {
            "operationMetadataId": "4b07c32b-8a53-4dc1-8c37-dc09b5cefd27"
          },
          "type": "Request",
          "kind": "PowerApp",
          "inputs": {
            "schema": {
              "type": "object",
              "properties": {
                "Initializevariable_Value": {
                  "type": "string",
                  "description": "Enter initial value",
                  "x-ms-powerflows-param-ispartial": false
                },
                "Initializevariable2_Value": {
                  "type": "string",
                  "description": "Enter initial value",
                  "x-ms-powerflows-param-ispartial": false
                }
              },
              "required": [
                "Initializevariable_Value",
                "Initializevariable2_Value"
              ]
            }
          }
        }
      },
      "actions": {
        "Initialize_variable": {
          "runAfter": {},
          "metadata": {
            "operationMetadataId": "3f36f850-7038-4ca3-830a-4e2842b9b8b0"
          },
          "type": "InitializeVariable",
          "inputs": {
            "variables": [
              {
                "name": "SiteAddress",
                "type": "string",
                "value": "@{triggerBody()['Initializevariable_Value']}"
              }
            ]
          }
        },
        "Initialize_variable_2": {
          "runAfter": {
            "Initialize_variable": [
              "Succeeded"
            ]
          },
          "metadata": {
            "operationMetadataId": "0261b72c-e5a9-4eac-b5fa-ad59da7190a6"
          },
          "type": "InitializeVariable",
          "inputs": {
            "variables": [
              {
                "name": "FilePath",
                "type": "string",
                "value": "@{triggerBody()['Initializevariable2_Value']}"
              }
            ]
          }
        },
        "Get_PDF_Data": {
          "runAfter": {
            "Initialize_variable_2": [
              "Succeeded"
            ]
          },
          "metadata": {
            "operationMetadataId": "5ee942be-0753-44f6-afab-093edf8ee727"
          },
          "type": "OpenApiConnection",
          "inputs": {
            "host": {
              "apiId": "/providers/Microsoft.PowerApps/apis/shared_sharepointonline",
              "connectionName": "shared_sharepointonline",
              "operationId": "GetFileContentByPath"
            },
            "parameters": {
              "dataset": "@triggerBody()['Initializevariable_Value']",
              "path": "@triggerBody()['Initializevariable2_Value']",
              "inferContentType": true
            },
            "authentication": {
              "value": "@json(decodeBase64(triggerOutputs().headers['X-MS-APIM-Tokens']))['$ConnectionKey']",
              "type": "Raw"
            }
          },
          "description": "Get File Using File Path"
        },
        "Respond_to_a_PowerApp_or_flow": {
          "runAfter": {
            "Get_PDF_Data": [
              "Succeeded"
            ]
          },
          "metadata": {
            "operationMetadataId": "b66b721a-ab8d-42b7-8c16-5692e2818a5e"
          },
          "type": "Response",
          "kind": "PowerApp",
          "inputs": {
            "statusCode": 200,
            "body": {
              "pdfcontent": "@{outputs('Get_PDF_Data')?['body']['$content']}"
            },
            "schema": {
              "type": "object",
              "properties": {
                "pdfcontent": {
                  "title": "PDFContent",
                  "x-ms-dynamically-added": true,
                  "type": "string",
                  "format": "byte"
                }
              }
            }
          }
        }
      }
    },
    "templateName": null
  },
  "schemaVersion": "1.0.0.0"
}