{"schemaVersion":"1.0","appDefinitionTemplate":{"id":"/providers/Microsoft.PowerApps/apps/","type":"Microsoft.PowerApps/apps","tags":{"primaryDeviceWidth":"1366","primaryDeviceHeight":"768","supportsPortrait":"true","supportsLandscape":"true","primaryFormFactor":"Tablet","showStatusBar":"false","publisherVersion":"3.24023.9","minimumRequiredApiVersion":"2.2.0","hasComponent":"false","hasUnlockedComponent":"false","isUnifiedRootApp":"false","offlineLargeFilesSupport":"false","sienaVersion":"20240328T170508Z-3.24023.9.0","coauthoringEnabled":"false"},"properties":{"appVersion":"2024-03-28T17:05:08Z","lifeCycleId":"Published","createdByClientVersion":{"major":3,"minor":24023,"build":9,"revision":0,"majorRevision":0,"minorRevision":0},"minClientVersion":{"major":3,"minor":24023,"build":9,"revision":0,"majorRevision":0,"minorRevision":0},"backgroundColor":"rgba(128, 128, 128, 1)","backgroundImageUri":"/6449849415507999071/Ndab512a8-9642-4621-84c0-b557ee4b8aa4-logoSmallFile","displayName":"Catalog Viewer","description":"","commitMessage":"","appUris":{"documentUri":{"value":"/6449849415507999071/N9f2dca71-6e2d-4ace-9e48-9d574bcb90d8-document.msapp"},"imageUris":[],"additionalUris":[{"isSolutionAware":false,"value":"/6449849415507999071/Nd81458e3-f362-49a8-ba93-abea373f9a8e-identity.json"}]},"createdTime":"0001-01-01T00:00:00Z","lastModifiedTime":"0001-01-01T00:00:00Z","sharedGroupsCount":0,"sharedUsersCount":0,"connectionReferences":{"e6c9aea3-24d8-4739-84c3-91a4a6534369":{"id":"ed879690-520e-41d2-80ca-7b786c69f028","displayName":"SharePoint","iconUri":"https://connectoricons-prod.azureedge.net/u/alexsp/sporelease/1.0.1682.3673/sharepointonline/icon.png","dataSources":["Documents"],"dependencies":[],"dependents":["cebe6f4a-7942-49e7-b8af-21fa62aa200f"],"parameterHints":{},"parameterHintsV2":{},"isOnPremiseConnection":false,"bypassConsent":false,"dataSets":{"https://uspsgcctenant.sharepoint.com/sites/TheAgency":{"dataSources":{"Documents":{"tableName":"35a8349b-c89e-4d64-956a-ccc10302c6bb"}}}},"apiTier":"Standard","isCustomApiConnection":false,"actions":["providers/PowerPlatform.Governance/Operations/Read"]},"cebe6f4a-7942-49e7-b8af-21fa62aa200f":{"id":"f09abb32-e925-4174-b1f8-146692d3ee0e","displayName":"Logic flows","iconUri":"https://connectoricons-prod.azureedge.net/releases/v1.0.1680/1.0.1680.3652/logicflows/icon.png","dataSources":["RenderPDF"],"dependencies":["e6c9aea3-24d8-4739-84c3-91a4a6534369"],"dependents":[],"parameterHints":{"workflowName":{"value":"96392c91-9232-4342-9fd0-fff08f8ed27c"},"workflowEntityId":{"value":"0ba29409-2ecc-ee11-9079-001dd80a8ecd"},"workflowDisplayName":{"value":"Render PDF"},"e6c9aea3-24d8-4739-84c3-91a4a6534369":{"value":"shared_sharepointonline"}},"parameterHintsV2":{"workflowName":{"value":"96392c91-9232-4342-9fd0-fff08f8ed27c"},"workflowEntityId":{"value":"0ba29409-2ecc-ee11-9079-001dd80a8ecd"},"workflowDisplayName":{"value":"Render PDF"},"shared_sharepointonline":{"value":"e6c9aea3-24d8-4739-84c3-91a4a6534369"}},"isOnPremiseConnection":false,"bypassConsent":false,"dataSets":{},"apiTier":"Standard","isCustomApiConnection":false,"actions":["Run"]}},"databaseReferences":{},"almMode":"Environment","performanceOptimizationEnabled":true,"canConsumeAppPass":true,"enableModernRuntimeMode":false,"executionRestrictions":{"isTeamsOnly":false,"dataLossPreventionEvaluationResult":{"status":"Compliant","lastEvaluationDate":"2024-02-13T17:41:46.8053947Z","violations":[],"violationsByPolicy":[],"violationErrorMessage":"The app uses the following connectors: ."}}},"appType":"ClassicCanvasApp","appComponents":[]}}