{"schemaVersion":"1.0","appDefinitionTemplate":{"id":"/providers/Microsoft.PowerApps/apps/","type":"Microsoft.PowerApps/apps","tags":{"sp-site-id":"https://doj365.sharepoint.us/sites/USMS-RIM","sp-list-id":"7ebb5788-9259-41f1-8194-b3f20a1340c5","https://doj365.sharepoint.us/sites/USMS-RIM":"7ebb5788-9259-41f1-8194-b3f20a1340c5","primaryDeviceWidth":"640","primaryDeviceHeight":"1136","sienaVersion":"20240327T165357Z-3.24032.26.0","deviceCapabilities":"","supportsPortrait":"true","supportsLandscape":"false","primaryFormFactor":"Phone","publisherVersion":"3.24032.26","minimumRequiredApiVersion":"2.2.0","hasComponent":"false","hasUnlockedComponent":"false","isUnifiedRootApp":"false","showStatusBar":"false","coauthoringEnabled":"true"},"properties":{"appVersion":"2024-03-27T16:53:57Z","lifeCycleId":"Published","createdByClientVersion":{"major":3,"minor":24032,"build":26,"revision":0,"majorRevision":0,"minorRevision":0},"minClientVersion":{"major":3,"minor":24032,"build":26,"revision":0,"majorRevision":0,"minorRevision":0},"backgroundColor":"rgba(255, 255, 255, 1)","backgroundImageUri":"/7173318662298708143/N2b7facad-ff57-45fb-bb96-5c86b41eb309-logoSmallFile","displayName":"Records Disposition Identifier Mobile App","description":"","commitMessage":"","appUris":{"documentUri":{"value":"/7173318662298708143/N4fcc4128-e1c4-4605-a013-f28e7793a8f2-document.msapp"},"imageUris":[],"additionalUris":[{"isSolutionAware":false,"value":"/7173318662298708143/N6ba7ead0-b014-49af-8144-c79cf4f4bf8e-identity.json"}]},"createdTime":"0001-01-01T00:00:00Z","lastModifiedTime":"0001-01-01T00:00:00Z","sharedGroupsCount":0,"sharedUsersCount":0,"connectionReferences":{"a3294db7-9e31-415b-8e1b-1c1dd4c90a23":{"id":"ed879690-520e-41d2-80ca-7b786c69f028","displayName":"SharePoint","iconUri":"https://connectoricons-prod.azureedge.net/u/alexsp/sporelease/1.0.1682.3673/sharepointonline/icon.png","dataSources":["Records Schedules_GRS Only"],"dependencies":[],"dependents":[],"parameterHints":{},"parameterHintsV2":{},"isOnPremiseConnection":false,"bypassConsent":false,"dataSets":{"https://uspsgcctenant.sharepoint.com/sites/TestSiteforTaraC":{"dataSources":{"Records Schedules_GRS Only":{"tableName":"b7f23f27-07d9-4daa-aa6a-ef9dde4d8f6b"}}}},"apiTier":"Standard","isCustomApiConnection":false,"actions":["providers/PowerPlatform.Governance/Operations/Read","providers/PowerPlatform.Governance/Operations/Write"]}},"databaseReferences":{},"almMode":"Environment","performanceOptimizationEnabled":true,"canConsumeAppPass":true,"enableModernRuntimeMode":false,"executionRestrictions":{"isTeamsOnly":false,"dataLossPreventionEvaluationResult":{"status":"Compliant","lastEvaluationDate":"2021-02-23T05:53:48.6205639Z","violationDetails":[]}}},"appType":"ClassicCanvasApp","appComponents":[]}}